Review Text,Recommended IND
18-wheeler Truck,0
Aardvark,0
Absinthe,1
Abu Simbel,0
Abyssinian,0
Acanthaceae,0
Accessories,0
Accipiter,0
Accordion,0
Acorn,1
Acrobatic,0
Action Figure,0
Adapter,0
Adult,0
Adventure,0
Advertisement,0
Aerial View,0
Affenpinscher,0
Afghan Hound,0
African Grey Parrot,0
Aftershave,0
Agapanthus,0
Agaric,0
Agate,0
Agavaceae,0
Agriculture,0
Agropyron,0
Air Base,0
Air Conditioner,0
Aircraft,0
Aircraft Carrier,0
Airedale,0
Airfield,0
Airliner,0
Airmail,0
Airplane,0
Airplane Cabin,0
Airport,0
Airport Terminal,0
Airship,0
Aisle,0
Alarm Clock,0
Albatross,0
Alcatraz Island,0
Alcohol,1
Algae,0
Alien,0
Alley,0
Allium,0
Alloy Wheel,0
Almond,1
Aloe,0
Alphabet,0
Altar,0
Aluminium,0
Amanita,0
Amaranthaceae,0
Amaryllidaceae,0
Amaryllis,0
Amber Palace,0
Ambulance,0
American Flag,0
American Football,0
American Football (Ball),0
American Football Game,0
Amethyst,0
Ammunition,0
Ampersand,0
Amphibian,0
Amphibious Vehicle,0
Amphiprion,0
Amphitheatre,0
Amplifier,0
Amusement Park,0
Anaconda,0
Anakena,0
Analog Clock,0
Anchor,0
Andalusian Horse,0
Anemone,0
Angel,0
Angelfish,0
Angkor Wat,0
Angler,0
Angora,0
Angry,0
Angus,0
Anhinga,0
Animal,0
Anime,0
Anise,1
Ankle,0
Anklet,0
Annonaceae,0
Anole,0
Anseriformes,0
Ant,0
Anteater,0
Antelope,0
Antelope Canyon,0
Antenna,0
Anther,0
Anthracite,0
Anthurium,0
Anthus,0
Antique Car,0
Antler,0
Anvil,0
Apartment Building,0
Ape,0
Aphid,0
Apiaceae,0
Apiary,0
Apidae,0
Appenzeller,0
Applause,0
Apple,1
Apple Pie,1
Appliance,0
Applique,0
Apricot,1
Apron,0
Apse,0
Aquarium,0
Aquatic,0
Aqueduct of Segovia,0
Aquilegia,0
Araceae,0
Arbour,0
Arc De Triomphe,0
Arcade Game Machine,0
Arch,0
Arch Bridge,0
Archaeology,0
Archer,0
Archery,0
Architecture,0
Arctic Fox,0
Arena,0
Arenaria,0
Argentina Flag,0
Argiope,0
Arguing,0
Arm,0
Armadillo,0
Armchair,0
Armor,0
Armored,0
Armory,0
Army,0
Arrest,0
Arrow,0
Arrowhead,0
Art,0
Art Gallery,0
Artichoke,1
Artillery,0
Arugula,0
Ashtray,0
Asparagus,1
Assembly Line,0
Astragalus,0
Astronaut,0
Astronomy,0
Athlete,0
Atlas,0
Atm,0
Atoll,0
Atomium,0
Attic,0
Attorney,0
Atv,0
Audience,0
Auditorium,0
Aurora,0
Australia Flag,0
Austria Flag,0
Auto Racing,0
Autumn,0
Avalanche,0
Avocado,1
Avocado Toast,0
Awning,0
Axe,0
Axle,0
Azure Sky,0
Baboon,0
Baby,0
Baby Crawling,0
Baby Laughing,0
Back,0
Backlighting,0
Backpack,0
Backpacking,0
Backyard,0
Bacon,1
Badge,0
Badger,0
Badlands National Park,0
Badminton,0
Bag,0
Bagel,1
Baggage,0
Bagpipe,0
Baguette,1
Bakery,0
Baking,0
Balance Beam,0
Balcony,0
Bald Eagle,0
Ball,0
Ballerina,0
Ballet,0
Balloon,0
Ballplayer,0
Ballroom,0
Bamboo,1
Bamboo Shoot,1
Banana,1
Banana Boat,0
Bandage,0
Bandana,0
Bangladesh Flag,0
Bangles,0
Banjo,0
Banner,0
Banquet,0
Banyan,0
Bar,0
Bar Chart,0
Bar Counter,0
Bar Stool,0
Barbed Wire,0
Barbershop,0
Barbie,0
Barefoot,0
Barge,0
Barn,0
Barrel,0
Barricade,0
Bartender,0
Baseball,0
Baseball (Ball),0
Baseball Bat,0
Baseball Cap,0
Baseball Game,0
Baseball Glove,0
Basement,0
Basin,0
Basket,0
Basketball,0
Basketball (Ball),0
Basketball Game,0
Bass Guitar,0
Bastei,0
Bat,0
Bath Towel,0
Bathing,0
Bathing Cap,0
Bathroom,0
Bathtub,0
Batman,0
Batman Logo,0
Baton,0
Batting Helmet,0
Battleship,0
Battling Ropes,0
Bay,0
Bay Window,0
Bayon Temple,0
Bazaar,0
Bbq,1
Beach,0
Beach Wagon,0
Beachwear,0
Beacon,0
Bead,0
Bead Necklace,0
Beagle,0
Beak,0
Bean,1
Bean Bag,0
Bean Sprout,1
Beanie,0
Bear,0
Beard,0
Beauty Salon,0
Beaver,0
Bed,0
Bed Sheet,0
Bedroom,0
Bee,0
Bee Eater,0
Beef,1
Beer,1
Beer Bottle,1
Beer Glass,1
Belgium Flag,0
Bell,0
Bell Pepper,1
Bell Tower,0
Belt,0
Beluga Whale,0
Bench,0
Bench Press,0
Berlin Wall Memorial,0
Berliner Fernsehturm,0
Berry,1
Beverage,1
Bib,0
Bicep Curls,0
Bicycle,0
Bikini,0
Billboard,0
Billiard Room,0
Billiards,0
Binoculars,0
Biplane,0
Birch,0
Bird,0
Bird Feeder,0
Birdbath,0
Birthday Cake,0
Birthday Party,0
Bishop,0
Bison,0
Biting,0
Black,0
Black Bear,0
Black Cat,0
Black Hair,0
Black Swan,0
Black Widow,0
Blackberry,1
Blackbird,0
Blackboard,0
Blade,0
Blanket,0
Blazer,0
Blender,0
Blending Ingredients,0
Blimp,0
Blizzard,0
Blonde,0
Blouse,0
Blow Dryer,0
Blowing Out Candles,0
Blue,0
Blue Hair,0
Blue Jay,0
Blueberry,1
Bluebird,0
Blueprint,0
Bmx,0
Boar,0
Boarding,0
Boarding Pass,0
Boardwalk,0
Boat,0
Boat Racing,0
Boating,0
Bobsled,0
Body Part,0
Boiling,0
Bok Choy,1
Bomb,0
Bomber,0
Bonfire,0
Bongo,0
Bonito,0
Bonnet,0
Bonsai,0
Booby,0
Book,0
Bookcase,0
Bookstore,0
Boot,0
Boston Bull,0
Bottle,0
Boutique,0
Bow,0
Bow Tie,0
Bowl,0
Bowling,0
Bowling Ball,0
Box,0
Box Turtle,0
Boxer,0
Boxing,0
Boy,0
Bra,0
Brace,0
Bracelet,0
Bracket,0
Braid,0
Brain Coral,0
Brake,0
Brandenburg Gate,0
Brass Section,0
Brazil Flag,0
Bread,1
Bread Loaf,0
Breakfast,0
Brewery,0
Brick,0
Bridal Veil,0
Bride,0
Bridegroom,0
Bridesmaid,0
Bridge,0
Bridge Of Sighs,0
Bridge Yoga Pose,0
Brie,1
Briefcase,0
Brihadeeswara Temple,0
Broccoli,1
Bronze,0
Brooch,0
Brooklyn Bridge,0
Broom,0
Brown Bear,0
Brown Hair,0
Brown Rice,1
Brownie,1
Brunch,1
Brush,0
Brussel Sprouts,1
Bubble,0
Bubble Tea,1
Bucket,0
Buckingham Palace,0
Buckle,0
Bud,0
Buddha,0
Buffalo,0
Buffet,1
Buggy,0
Bugle,0
Building,0
Building Complex,0
Building Flooding,0
Building Sand Castles,0
Bull,0
Bulldog,0
Bulldozer,0
Bullet,0
Bullet Train,0
Bullfighter,0
Bullfighting,0
Bullring,0
Bumblebee,0
Bumper,0
Bun,1
Bun (Hairstyle),0
Bungee,0
Bunk Bed,0
Bunker,0
Burger,1
Burj Al Arab,0
Burj Khalifa,0
Burner,0
Burrito,1
Bus,0
Bus Stop,0
Bush,0
Business Card,0
Butcher Shop,0
Butter,1
Butterfly,0
Buzzard,0
Cabbage,1
Cabin,0
Cabin In The Woods,0
Cabinet,0
Cable,0
Cable Car,0
Cactus,0
CAD Diagram,0
Cafe,1
Cafeteria,0
Cage,0
Cake,1
Calculator,0
Calendar,0
Calf,0
Calligraphy,0
Camel,0
Camera,0
Camera Lens,0
Camouflage,0
Camping,0
Campus,0
Can,0
Can Opener,0
Canada Flag,0
Canal,0
Canary,0
Candle,0
Candlestick,0
Candlestick Chart,0
Candy,1
Cane,0
Canine,0
Canned Goods,0
Cannon,0
Ca�o Cristales,0
Canoe,0
Canoeing,0
Canopy,0
Canopy Bed,0
Canvas,0
Canyon,0
Cap,0
Cape,0
Capitol Hill,0
Capsule,0
Captain,0
Car,0
Car - Exterior,0
Car - Interior,0
Car Back - Damaged,0
Car Dealership,0
Car Dent,0
Car Engine,0
Car Front - Damaged,0
Car Mirror,0
Car Mirror - Broken,0
Car Scratch,0
Car Seat,0
Car Show,0
Car Trunk,0
Car Wash,0
Car Wheel,0
Car Window,0
Car Window - Broken,0
Caramel,1
Caravan,0
Cardamom,1
Cardboard,0
Cardigan,0
Cardinal,0
Cargo,0
Cargo Container,0
Carnation,0
Carnival,0
Carousel,0
Carp,0
Carpenter,0
Carriage,0
Carrot,1
Carton,0
Cartoon,0
Casa Mil�,0
Casino,0
Cassette,0
Cassette Player,0
Castle,0
Cat,0
Cathedral,0
Cattle,0
Cauliflower,1
Cave,0
Cd Player,0
Ceiling Fan,0
Ceiling Light,0
Celebrating,0
Cello,0
Centre Georges Pompidou,0
Cereal Bowl,0
Chain,0
Chain Mail,0
Chain Saw,0
Chair,0
Chaise,0
Chandelier,0
Chapel,0
Charminar,0
Chart,0
Chasing,0
Ch�teau de Chambord,0
Ch�teau de Villandry,0
Checkout Counter,0
Cheerleading,0
Cheese,1
Cheesecake,1
Cheetah,0
Chef,0
Cheque,0
Cherry,1
Cherry Blossom,0
Chess,0
Chest Of Drawers,0
Chhatrapati Shivaji Maharaj Terminus,0
Chia Seeds,1
Chichen Itza,0
Chicken,1
Chihuahua,0
Child,0
Childbirth,0
Chile Flag,0
Chime,0
China Cabinet,0
China Flag,0
Chinchilla,0
Chinese New Year,0
Chocolate,1
Chopping Board,0
Chopping Ingredients,0
Chopsticks,0
Chow,0
Christ the Redeemer,0
Christmas,0
Christmas Decorations,0
Christmas Stocking,0
Christmas Tree,0
Christmas Tree Ornaments,0
Church,0
Cilantro,1
Cinema,0
Cinque Terre,0
Circuit Diagram,0
Circus,0
Citrus Fruit,0
City,0
Cityscape,0
Clam,0
Clamp,0
Clapperboard,0
Clarinet,0
Classroom,0
Claw,0
Cleaning,0
Cliff,0
Climbing,0
Clinic,0
Cloak,0
Clock,0
Clock Tower,0
Clogs,0
Closet,0
Clothes Iron,0
Clothing,0
Cloud,0
Cloud Gate - Chicago,0
Clown,0
Club,0
Clutch Wheel,0
CN Tower,0
Coal,0
Coast,0
Coast Guard,0
Coat,0
Coat Rack,0
Cobblestone,0
Cobra,0
Cockatoo,0
Cocker Spaniel,0
Cockpit,0
Cockroach,0
Cocktail,1
Cocoa,1
Coconut,1
Cod,0
Coffee,1
Coffee Beans,1
Coffee Cup,0
Coffee Table,0
Coffin,0
Coho,0
Coil,0
Coin,0
Coke,1
Collage,0
Collar,0
College,0
Collie,0
Colombia Flag,0
Colosseum,0
Colt Horse,0
Comb,0
Combination Lock,0
Comet,0
Comics,0
Compass,0
Compass Math,0
Computer,0
Computer Hardware,0
Computer Keyboard,0
Concert,0
Conch,0
Concrete,0
Condo,0
Condor,0
Cone,0
Confetti,0
Conga,0
Conifer,0
Construction,0
Construction Crane,0
Contact Lens,0
Control Tower,0
Convention Center,0
Conversation,0
Convertible,0
Cooker,0
Cookie,1
Cooking,0
Cooking Batter,0
Cooking Oil,1
Cooking Pan,0
Cooking Pot,0
Cooktop,0
Cookware,0
Cooler,0
Coral Reef,0
Cork,0
Cormorant,0
Corn,1
Cornbread,1
Corner,0
Cornrows,0
Corridor,0
Corrosion,0
Corset,0
Cosmetics,0
Cosplay,0
Costume,0
Cottage,0
Cotton,0
Couch,0
Cougar,0
Countryside,0
Coupe,0
Courtroom,0
Cove,0
Cow,0
Cowbell,0
Cowboy Boot,0
Cowboy Hat,0
Coyote,0
Cpu,0
Crab,0
Cracker,1
Cradle,0
Crane Bird,0
Crash Helmet,0
Crate,0
Crater,0
Crawdad,0
Crawling,0
Crayon,0
Cream,1
Credit Card,0
Creek,0
Crepe,1
Crew Cut,0
Crib,0
Cricket,0
Cricket Ball,0
Cricket Bat,0
Cricket Insect,0
Crime Scene,0
Crocodile,0
Crocus,0
Croissant,1
Croquet,0
Cross,0
Cross Country,0
Crossbow,0
Crossword Puzzle,0
Crow,0
Crowd,0
Crown,0
Crucifix,0
Cruise Ship,0
Cruiser,0
Crying,0
Crypt,0
Crystal,0
Ct Scan,0
Cucumber,1
Cuddling,0
Cuff,0
Culinary,0
Cumin,1
Cumulus,0
Cup,0
Cupboard,0
Cupcake,1
Cupid,0
Curling,0
Curly Hair,0
Curry,1
Curtain,0
Cushion,0
Custard,1
Cutlery,0
Cutlet,1
Cycling,0
Cylinder,0
Czech Republic Flag,0
Daffodil,0
Dagger,0
Dahlia,0
Dairy,0
Dairy Cow,0
Daisy,0
Dalmatian,0
Dam,0
Dance Pose,0
Dancing,0
Dandelion,0
Darts,0
Dating,0
Dead Lift,0
Debate,0
Deck,0
Deer,0
Deli,0
Demolition,0
Den,0
Denmark Flag,0
Dentist,0
Deodorant,0
Desert,0
Desk,0
Desktop,0
Dessert,0
Destroyer,0
Device,0
Diagram,0
Dial Telephone,0
Diamond,0
Diaper,0
Diary,0
Dice,0
Digital Camera,0
Digital Clock,0
Digital Watch,0
Dill,0
Dime,0
Dimples,0
Diner,0
Dinghy,0
Dining Room,0
Dining Table,0
Dinner,0
Dinosaur,0
Dip,1
Diploma,0
Disco,0
Dish,0
Dishwasher,0
Disk,0
Disposable Cup,0
Ditch,0
Diving,0
Diwali,0
Dj,0
Doctor,0
Document,0
Dodo,0
Dog,0
Dog Bed,0
Dog House,0
Dogsled,0
Doll,0
Dollar,0
Dolphin,0
Dome,0
Dome Of The Rock,0
Domino,0
Donkey,0
Donut,1
Doodle,0
Door,0
Doormat,0
Dorm Room,0
Double Decker Bus,0
Double Sink,0
Dough,0
Dove,0
Downtown,0
Downward Dog Yoga Pose,0
Dragon,0
Dragonfly,0
Drain,0
Drawbridge,0
Drawer,0
Drawing,0
Dredger,0
Dress,0
Dress Shirt,0
Dresser,0
Dressing Room,0
Driftwood,0
Drilling Rig,0
Drinking,0
Drinking Alcohol,0
Drinking Fountain,0
Drive Shaft,0
Driveway,0
Driving,0
Driving License,0
Droplet,0
Drum,0
Drummer,0
Drying Rack,0
Dubai Frame,0
Duck,0
Duel,0
Duet,0
Dugout,0
Dumpling,1
Dune,0
Dung Beetle,0
Dungeon,0
Duomo Di Milano,0
Durian,1
Dutch Oven,0
Dvd,0
Dye,0
Dynamite,0
Eagle,0
Ear,0
Earbuds,0
Earring,0
Earth,0
Earthquake,0
Easter Egg,1
Eating,0
Eclipse,0
Eel,0
Egg,1
Eggplant,1
Egret,0
Egypt Flag,0
Egyptian Cat,0
Eiffel Tower,0
Elbphilharmonie Hamburg,0
Electric Fan,0
Electric Guitar,0
Electric Transmission Tower,0
Electrical Device,0
Electrical Outlet,0
Electronic Chip,0
Electronics,0
Elephant,0
Elevator,0
Elf,0
Elk,0
Elliptical Trainer,0
Eltz Castle,0
Emblem,0
Embroidery,0
Emerald,0
Empire State Building,0
Emu,0
Enchilada,1
Engine,0
Entertainment Center,0
Envelope,0
Equestrian,0
Eruption,0
E-scooter,0
Eskimo Dog,0
Espresso,1
Evening Dress,0
Exchange Of Vows,0
Executive,0
Exercise Bike,0
Explosion,0
Extinguishing Fire,0
Face,0
Face Makeup,0
Factory,0
Fallen Person,0
Fallingwater,0
Family,0
Farm,0
Farm Plow,0
Farmer's Market,0
Fashion,0
Feather Boa,0
Female,0
Fence,0
Fencing,0
Fern,0
Ferret,0
Ferris Wheel,0
Ferry,0
Festival,0
Field,0
Field Hockey,0
Field Hockey Stick,0
Fig,1
Fighting,0
Figure Skating,0
Figurine,0
File,0
File Binder,0
File Folder,0
Filing Cabinet,0
Finch,0
Finger,0
Finland Flag,0
Fir,0
Fire,0
Fire Hydrant,0
Fire Screen,0
Fire Station,0
Fire Truck,0
Firearm,0
Firefly,0
Fireman,0
Fireplace,0
Fireworks,0
First Aid,0
Fish,1
Fisheye,0
Fishing,0
Fishing Lure,0
Fist,0
Fitness,0
Flag,0
Flagstone,0
Flame,0
Flamenco,0
Flamingo,0
Flare,0
Flash Mob,0
Flashlight,0
Flat Bed Truck,0
Flatiron Building - New York,0
Flax,1
Flaxseed,1
Flea,0
Fleece,0
Flight,0
Flip-Flop,0
Flock,0
Flood,0
Floor,0
Floor Lamp,0
Floor Plan,0
Flooring,0
Floral Design,0
Flour,1
Flow Chart,0
Flower,0
Flower Arrangement,0
Flower Bouquet,0
Flugelhorn,0
Flute,0
Fly,0
Flying,0
Foal,0
Foam,0
Fog,0
Foil,0
Folding Door,0
Fondue,1
Food,0
Food Court,0
Food Presentation,0
Food Truck,0
Football,0
Football Helmet,0
Footprint,0
Footwear,0
Forbidden City,0
Forest Fire,0
Forge,0
Fork,0
Forklift,0
Form,0
Formal Wear,0
Formula One,0
Fort,0
Fortress,0
Fossil,0
Fountain,0
Fountain Pen,0
Fowl,0
Fox,0
Foxglove,0
Foyer,0
Fractal,0
France Flag,0
Freckle,0
Freeway,0
Freight Car,0
Freighter,0
French Bulldog,0
French Door,0
French Horn,0
French Window,0
Fried Chicken,1
Fried Egg,1
Fries,1
Frisbee,0
Frittata,1
Fritters,1
Frog,0
Frost,0
Frown,0
Frozen Yogurt,1
Fruit,1
Frying,0
Frying Pan,0
Fudge,1
Full Moon,0
Fun,0
Funeral,0
Fungus,0
Fur,0
Furniture,0
Fuse,0
Gambling,0
Game,0
Gantt Chart,0
Garage,0
Garbage,0
Garbage Truck,0
Garden,0
Garden Spider,0
Gardener,0
Gardening,0
Gargoyle,0
Garlic,1
Gas Mask,0
Gas Pump,0
Gas Station,0
Gas Stove,0
Gate,0
Gateway Arch,0
Gateway Of India - Mumbai,0
Gauge,0
Gazebo,0
Gazelle,0
Gear,0
Gearshift,0
Gecko,0
Gemstone,0
Generator,0
Geranium,0
German Shepherd,0
Germany Flag,0
Geyser,0
Gherkin,0
Giant Panda,0
Giant's Causeway,0
Gift,0
Gin,1
Ginger,1
Gingerbread,1
Giraffe,0
Girl,0
Glacier,0
Gladiolus,0
Glass,0
Glasses,0
Glider,0
Gliding,0
Glitter,0
Globe,0
Glove,0
Goa Gajah,0
Goat,0
Goblet,1
Goggles,0
Gold,0
Gold Medal,0
Golden Gate Bridge,0
Golden Retriever,0
Golden Temple - Amritsar,0
Goldfish,0
Golf,0
Golf Ball,0
Golf Cart,0
Golf Club,0
Golf Course,0
Gondola,0
Gong,0
Goose,0
Gorilla,0
Gothic Arch,0
Gourd,1
Gown,0
GPS,0
Graduation,0
Graffiti,0
Grain,1
Grand Canyon,0
Grand People's Study House,0
Grand Piano,0
Granite,0
Granola,1
Grapefruit,1
Grapes,1
Graphics,0
Grass,0
Grasshopper,0
Grassland,0
Grater,0
Grating Food,0
Gravel,0
Gravestone,0
Graveyard,0
Gravy,1
Gray,0
Grazing,0
Great Buddha - Japan,0
Great Dane,0
Great Pyramids of Giza,0
Great Wall of China,0
Great White Shark,0
Green,0
Green Bean,1
Green Hair,0
Green Lizard,0
Green Snake,0
Green Tea,1
Green Vault,0
Greenhouse,0
Greeting Card,0
Grenade,0
Grey Fox,0
Grille,0
Grilling,0
Grocery Store,0
Ground,0
Group Performance,0
Groupshot,0
Grouse,0
Grove,0
Guacamole,1
Guard,0
Guard Rail,0
Guggenheim Museum - Bilbao,0
Guitar,0
Guitarist,0
Gum,1
Gun,0
Gutter,0
Gym,0
Gym Weights,0
Gymnast,0
Gymnastics,0
Hacienda,0
Hagia Sofia,0
Hail,0
Hair,0
Hair Slide,0
Haircut,0
Hairdresser,0
Half Track,0
Halibut,0
Hall,0
Halloween,0
Hallway,0
Halter,0
Ham,1
Hammer,0
Hammock,0
Hamster,0
Hand,0
Handbag,0
Handball,0
Handcuffs,0
Handgun,0
Hand-Held Computer,0
Handicraft,0
Handle,0
Handrail,0
Handsaw,0
Handshake,0
Handstand,0
Handwriting,0
Hang Gliding,0
Hangar,0
Hanger,0
Hanukkah Menorah,0
Happy,0
Harbor,0
Hard Disk,0
Hardhat,0
Hardware,0
Hardwood,0
Hare,0
Harmonica,0
Harness,0
Harp,0
Harvest,0
Hat,0
Hatchback,0
Hawa Mahal,0
Hawk,0
Head,0
Head Cabbage,1
Headband,0
Headbanging,0
Headlight,0
Headphones,0
Headrest,0
Headstand,0
Heart,0
Hearth,0
Heat Map,0
Heater,0
Hedge,0
Hedgehog,0
Heel,0
Helicopter,0
Helmet,0
Hemp,0
Hen,0
Henna,0
Herbal,0
Herbs,0
Herd,0
Heron,0
Herring,0
Hibiscus,0
Hiding,0
High Heel,0
High Jump,0
High Rise,0
Highchair,0
Highlighted Hair,0
Highway,0
Hiking,0
Hill,0
Hip,0
Hippie,0
Hippo,0
Ho Chi Minh Mausoleum,0
Hockey,0
Hoe,0
Hog,0
Holding Hands,0
Hole,0
Holi,0
Hollywood Sign,0
Home Damage,0
Home Decor,0
Home Renovation Work,0
Home Theater,0
Honey,1
Honey Bee,0
Honeycomb,0
Hong Kong SAR Flag,0
Hood,0
Hoodie,0
Hook,0
Hoop,0
Hoover Dam,0
Horizon,0
Horn,0
Horse,0
Horse Cart,0
Horse Racing,0
Horseback Riding,0
Horseshoe,0
Hose,0
Hosiery,0
Hospital,0
Hostel,0
Hot Air Balloon,0
Hot Chocolate,1
Hot Dog,1
Hot Pot,0
Hot Rod,0
Hot Tub,0
Hotel,0
Hound,0
Hourglass,0
House,0
Housing,0
Hovercraft,0
Hub,0
Hubcap,0
Huddle,0
Hugging,0
Hula,0
Hummingbird,0
Hunting,0
Hurdle,0
Hurricane,0
Husky,0
Hut,0
Hydrant,0
Hydrofoil,0
Hyena,0
Ice,0
Ice Cream,1
Ice Hockey,0
Ice Hockey Puck,0
Ice Hockey Stick,0
Ice Pop,1
Ice Skating,0
Ice Skating Dancing,0
Iceberg,0
Icebreaker,0
Icicle,0
Icing,1
Id Cards,0
Igloo,0
Iguana,0
Ikebana,0
Impala,0
Incense,0
India Flag,0
India Gate,0
Indonesia Flag,0
Indoor Play Area,0
Indoors,0
Infant Bed,0
Inflatable,0
Injection,0
Injury,0
Ink Bottle,0
Inn,0
Insect,0
Interior Design,0
Intersection,0
Interview,0
Invertebrate,0
Invoice,0
Iphone,0
Ipod,0
iPod Shuffle,0
Iran Flag,0
Ireland Flag,0
Iris,0
Island,0
Israel Flag,0
Italy Flag,0
Ivory,0
Ivy,0
Jacket,0
Jackfruit,1
Jack-o-lantern,0
Jade,0
Jaguar Car,0
Jal Mahal,0
Jam,1
Japan Flag,0
Jar,0
Jaw,0
Jay,0
Jeans,0
Jeep,0
Jelly,1
Jellyfish,0
Jersey,0
Jet,0
Jet Ski,0
Jewelry,0
Jewelry Store,0
Jigsaw Puzzle,0
Joystick,0
Judge,0
Judo,0
Jug,0
Juggling,0
Juice,1
Jumping,0
Junagarh Fort - Bikaner,0
Jungle,0
Jury,0
Kabba - Mecca,0
Kale,1
Kangaroo,0
Karaoke,0
Karate,0
Kart,0
Kayak,0
Kayaking,0
Keg,1
Kennel,0
Ketchup,1
Kettle,0
Kettledrum,0
Key,0
Keyboard,0
Khaki,0
Kicking,0
Kilt,0
Kimono,0
Kindergarten,0
King Crab,1
King Penguin,0
King Snake,0
Kiosk,0
Kissing,0
Kit Fox,0
Kitchen,0
Kitchen Island,0
Kitchen Peeler,0
Kitchen Utensil,0
Kite,0
Kite Bird,0
Kitten,0
Kiwi,1
Kiwi Bird,0
Kneading Dough,0
Knee,0
Kneeling,0
Knife,0
Knight,0
Knitting,0
Knitwear,0
Knot,0
Koala,0
Kohlrabi,1
Koi,0
Konark Sun Temple,0
Korea Flag,0
Kronborg Castle,0
Kyoto Imperial Palace,0
La Sagrada Familia,0
Lab,0
Lab Coat,0
Laboratory,0
Labrador Retriever,0
Lace,0
Ladle,0
Lady,0
Lager,1
Lagoon,0
Laguna Colorada,0
Lake,0
Lake Pichola,0
Lakefront,0
Lamp,0
Lamp Post,0
Lampshade,0
Land,0
Landfill,0
Landing,0
Landmark,0
Landscape,0
Landslide,0
Lantern,0
Laptop,0
Larch,0
Lasagna,1
Laser,0
Latex Clothing,0
Lathe,0
Latte,1
Latte Art,0
Laughing,0
Launch,0
Laundry,0
Lava,0
Lavender,0
Lawn,0
Lawn Mower,0
Leaf,0
Leafy Green Vegetable,1
Leash,0
Leather Jacket,0
Lecture,0
Lecture Hall,0
LED,0
Leek,1
Leg Press,0
Lego Set,0
Lei,0
Leisure Activities,0
Lemon,1
Lemonade,1
Lemur,0
Len��is Maranhenses National Park,0
Lens Cap,0
Lentil,1
Leshan Giant Buddha,0
Lesser Panda,0
Letter,0
Letter Opener,0
Lettuce,1
Liberty Bell,0
Library,0
License Plate,0
Life Buoy,0
Lifejacket,0
Light,0
Light Fixture,0
Lightbulb,0
Lighter,0
Lighthouse,0
Lighting,0
Lightning,0
Lilac,0
Lily,0
Lime,1
Limestone,0
Limo,0
Lincoln Memorial,0
Line Chart,0
Linen,0
Lingerie,0
Lion,0
Lipstick,0
Liquor,1
Little Mermaid,0
Livestock,0
Living Room,0
Lizard,0
Llama,0
Loading Dock,0
Lobster,1
Lock,0
Locker,0
Locket,0
Locomotive,0
Loft,0
Log Cabin,0
Logo,0
Lollipop,1
Long Jump,0
Long Sleeve,0
Longhorn,0
Lotion,0
Lotus Temple,0
Lotus Yoga Pose,0
Lounge,0
Love Heart Symbol,0
Lumber,0
Lunar Eclipse,0
Lunch,0
Lupin,0
Lute,0
Lynx,0
Lyre,0
Mac and Cheese,1
Macaroni,1
Macarons,1
Macaw,0
Mace Club,0
Machine,0
Machine Gun,0
Machu Picchu,0
Magazine,0
Magician,0
Magnifying,0
Magpie,0
Mahabodhi Temple,0
Mail,0
Mailbox,0
Makeup,0
Malaysia Flag,0
Male,0
Mallard,0
Mallet,0
Mammal,0
Man,0
Manatee,0
Mandolin,0
Manga,0
Mango,1
Manhole,0
Manicure,0
Manneken Pis,0
Mannequin,0
Manor,0
Mansion,0
Manta Ray,0
Mantis,0
Manufacturing,0
Manx,0
Map,0
Maple,0
Maple Leaf,0
Maraca,0
Marathon,0
Marble,0
Marching,0
Mardi Gras,0
Marina,0
Marker,0
Market,0
Maroon,0
Martial Arts,0
Martini,1
Mascara,0
Mascot,0
Mashed Potato,1
Mashing Food,0
Mask,0
Mason Jar,0
Massage,0
Mat,0
Mathematical Equation,0
Mattock,0
Mattress,0
Mausoleum of Emperor Khai Dinh,0
Mayonnaise,1
Maze,0
Meadow,0
Meal,0
Measurements,0
Measuring Cup,0
Meat,1
Meat Loaf,0
Meatball,1
Mecca,0
Medical Procedure,0
Medication,0
Medicine Chest,0
Meenakshi Amman Temple,0
Meerkat,0
Meeting Room,0
Melon,1
Menu,0
Mercedes-Benz Museum,0
Mesa,0
Metalworking,0
Metropolis,0
Mexico Flag,0
Microphone,0
Microscope,0
Microwave,0
Military,0
Military Base,0
Military Officer,0
Military Uniform,0
Milk,1
Milk Can,0
Milkshake,1
Milky Way,0
Millau Bridge - France,0
Mime,0
Mimosa,1
Mineral,0
Mineral Water,0
Mini Golf,0
Minibus,0
Mining,0
Miniskirt,0
Minivan,0
Mint,0
Mirror,0
Missile,0
Mist,0
Mixer,0
Mixing Bowl,0
Mixing Food,0
Moat,0
Mobile Home,0
Mobile Phone,0
Model T,0
Modem,0
Modern Art,0
Mohawk Hairstyle,0
Mojito,1
Mold,0
Mold Damage,0
Mole,0
Monarch,0
Monastery,0
Money,0
Monitor,0
Monk,0
Monkey,0
Monorail,0
Monument,0
Monument Valley,0
Moon,0
Moose,0
Moped,0
Mortar,0
Mortar Shell,0
Mosaic,0
Mosque,0
Mosque Of Cordoba,0
Mosquito,0
Mosquito Net,0
Moss,0
Motel,0
Moth,0
Motocross,0
Motor,0
Motor Scooter,0
Motorcycle,0
Mound,0
Mount Rushmore National Memorial,0
Mountain,0
Mountain Bike,0
Mountain Goat,0
Mountain Range,0
Mountain Tent,0
Mouse,0
Mousepad,0
Mousse,1
Mouth,0
Moving Van,0
Mowing Lawn,0
Mud,0
Muffin,1
Mullet Fish,0
Mural,0
Museum,0
Mushroom,1
Music,0
Music Band,0
Musical Instrument,0
Musician,0
Mustache,0
Mustang,0
Mustard,1
Mutton,1
My Son Sanctuary - Vietnam,0
N Seoul Tower,0
Nachos,1
Nail,0
Nail Polish,0
Napkin,0
Nature,0
Navel,0
Navy,0
Nebula,0
Neck,0
Necklace,0
Necktie,0
Neighborhood,0
Neon,0
Nest,0
Netherlands Flag,0
Network,0
Neuschwanstein Castle,0
New Zealand Flag,0
Newborn,0
Newfoundland,0
Newgrange,0
Newspaper,0
Newsstand,0
Nickel,0
Nigeria Flag,0
Night,0
Night Club,0
Night Life,0
Ninja,0
Noodle,1
Noodle Soup,1
North Korea Flag,0
Norway Flag,0
Notebook,0
Novel,0
Nuclear,0
Nuclear Explosion,0
Nuggets,1
Number,0
Nurse,0
Nursery,0
Nut,1
Nutcracker,0
Nymphenburg Palace,0
Oak,0
Oars,0
Oatmeal,1
Obelisk,0
Oboe,0
Observatory,0
Ocean Floor,0
Ocelot,0
Octopus,0
Office,0
Office Building,0
Office Chair,0
Officer,0
Offroad,0
Oil Spill,0
Oilfield,0
Okra,1
Omelette,1
One World Trade Center,0
Onion,1
Opal,0
Opening Present,0
Opera House,0
Operating Theatre,0
Orange,1
Orange Juice,1
Orangutan,0
Orca,0
Orchestra,0
Orchestra Pit,0
Orchid,0
Oriental Pearl TV Tower,0
Origami,0
Ornament,0
Oscilloscope,0
Ostrich,0
Otter,0
Ottoman,0
Outdoor Play Area,0
Outdoors,0
Outer Space,0
Outhouse,0
Outrigger,0
Oval,0
Oven,0
Overcoat,0
Overhead Press,0
Overpass,0
Owl,0
Ox,0
Oyster,1
Pac Man,0
Package,0
Package Delivery,0
Paddle,0
Paddy Field,0
Paella,1
Page,0
Pagoda,0
Pain,0
Paint Container,0
Paintball,0
Painting,0
Paisley,0
Pajamas,0
Pakistan Flag,0
Palace,0
Palace of Westminster,0
Palette,0
Palm Islands - United Arab Emirates,0
Palm Tree,0
Pancake,1
Panoramic,0
Pansy,0
Pantheon,0
Panther,0
Panties,0
Pantry,0
Pants,0
Pantyhose,0
Paparazzi,0
Papaya,1
Paper,0
Paper Towel,0
Papillon,0
Para Rubber Tree,0
Parabolic Antennas,0
Parachute,0
Parade,0
Paragliding,0
Parakeet,0
Park,0
Park Bench,0
Parking Lot,0
Parking Meter,0
Parliament,0
Parrot,0
Parsley,1
Parsnip,1
Parthenon,0
Partridge,0
Party,0
Party Hat,0
Passenger Car,0
Passport,0
Pasta,1
Pastry,1
Pasture,0
Patchwork,0
Path,0
Patient,0
Patio,0
Patio Umbrella,0
Pattern,0
Pc,0
Pea,1
Peace Memorial Park Hiroshima,0
Peach,1
Peacock,0
Peak,0
Peanut,1
Peanut Butter,1
Pear,1
Pearl,0
Pebble,0
Pecan,1
Pedal,0
Pedestrian,0
Peel,1
Peeling,0
Peeps,1
Pelican,0
Pen,0
Pencil,0
Pencil Box,0
Pendant,0
Penguin,0
Peninsula,0
Pentagon,0
Penthouse,0
Peony,0
People,0
Pepper,1
Perch,0
Percussion,0
Performer,0
Perfume,0
Pergola,0
Persimmon,1
Person,0
Pet,0
Petal,0
Petra,0
Petrol,0
Petronas Twin Towers,0
PEZ Dispenser,0
Pharmacy,0
Pheasant,0
Philippines Flag,0
Phone,0
Phone Booth,0
Photo Booth,0
Photo Frame,0
Photobombing,0
Photographer,0
Photographic Film,0
Photography,0
Photoshoot,0
Pianist,0
Piano,0
Picket,0
Picket Fence,0
Pickle,1
Pickup Truck,0
Picnic,0
Picnic Basket,0
Picture Window,0
Pie,1
Pie Chart,0
Pier,0
Piercing,0
Pig,0
Pigeon,0
Piggy Bank,0
Pike,0
Pilates,0
Pill,0
Pillar,0
Pillow,0
Pin,0
Pinata,0
Pine,0
Pineapple,1
Ping Pong,0
Ping Pong Paddle,0
Pink Hair,0
Pipeline,0
Pirate,0
Piste,0
Pit Stop,0
Pita,1
Pitbull,0
Pixie Cut,0
Pizza,1
Plan,0
Planet,0
Planetarium,0
Plank Exercise,0
Plant,0
Planter,0
Planting,0
Plaque,0
Plastic,0
Plastic Bag,0
Plastic Wrap,0
Plate,0
Plate Rack,0
Plateau,0
Platinum,0
Platter,1
Play,0
Play Area,0
Playing American Football,0
Playing Baseball,0
Playing Basketball,0
Playing Cricket,0
Playing Golf,0
Playing Keyboards,0
Playing Soccer,0
Playing Tennis,0
Playing Volleyball,0
Plectrum,0
Pliers,0
Plot,0
Plug,0
Plum,1
Plumbing,0
Plush,0
Plywood,0
Poached Egg,1
Podium,0
Pointer,0
Poland Flag,0
Polar Bear,0
Pole Vault,0
Police,0
Police Car,0
Police Dog,0
Police Officer,0
Police Station,0
Polka Dot,0
Pollen,0
Pollution,0
Polo,0
Pomegranate,1
Pomelo,1
Poncho,0
Pond,0
Pond Lily,0
Pont du Gard,0
Pont Neuf,0
Ponte Vecchio,0
Ponytail,0
Poodle,0
Pool,0
Pool Table,0
Pop Bottle,0
Popcorn,1
Pope,0
Poppy,0
Porcelain,0
Porch,0
Porcupine,0
Pork,1
Port,0
Porthole,0
Portico,0
Portrait,0
Portugal Flag,0
Possum,0
Post Apocalyptic,0
Postage Stamp,0
Postal Office,0
Postbox,0
Postcard,0
Poster,0
Pot,0
Potala Palace,0
Potato,1
Potted Plant,0
Pottery,0
Potty,0
Poultry,0
Pouring Food,0
Powder,0
Power Drill,0
Power Lines,0
Power Plant,0
Prayer,0
Prayer Beads,0
Premiere,0
Press Conference,0
Pressure Cooker,0
Pretzel,0
Pride Parade,0
Priest,0
Printed Circuit Board,0
Printer,0
Prison,0
Private Mailbox,0
Produce,0
Projection Screen,0
Projector,0
Promontory,0
Propeller,0
Protest,0
Ptarmigan,0
Pub,0
Publication,0
Puddle,0
Puffer,0
Puffin,0
Pug,0
Pull Ups,0
Pump,0
Pumpkin,1
Puppy,0
Purple,0
Purse,0
Push Ups,0
Pushing,0
Putter,0
Pyramid,0
QR Code,0
Quail,0
Quartz,0
Quasedilla,1
Quilt,0
Quince,1
Quiver,0
Qutub Minar,0
Rabbit,0
Raccoon,0
Race Car,0
Racket,0
Radiator,0
Radio,0
Radio Telescope,0
Radish,1
Rafting,0
Railing,0
Railway,0
Rain,0
Rain Barrel,0
Rainbow,0
Raincoat,0
Rainforest,0
Raisins,1
Rake,0
Rally,0
RAM Memory,0
Ramp,0
Ranch,0
Raspberry,1
Rat,0
Rattle,0
Rattlesnake,0
Ravioli,1
Razor,0
Reading,0
Reality Show Judges Panel,0
Receipt,0
Reception,0
Reception Desk,0
Reception Room,0
Recliner,0
Recycling Symbol,0
Red,0
Red Carpet,0
Red Cross,0
Red Fort,0
Red Fox,0
Red Hair,0
Red Wine,1
Red Wolf,0
Redwood,0
Reed,0
Reef,0
Reel,0
Refinery,0
Refrigerator,0
Relish,1
Remote Control,0
Reptile,0
Rescue,0
Reservoir,0
Resort,0
Restaurant,0
Revolving Door,0
Rhino,0
Rhubarb,1
Rialto Bridge,0
Ribs,1
Rice,1
Riding Boot,0
Rifle,0
Ring,0
Rink,0
Riot,0
Ripple,0
River,0
Road,0
Road Sign,0
Road Trip,0
Roast,1
Roasting,0
Robe,0
Robin,0
Robot,0
Rock,0
Rock Beauty,0
Rock Climbing,0
Rock Concert,0
Rock of Gibraltar,0
Rock Python,0
Rocket,0
Rocking Chair,0
Rodent,0
Rodeo,0
Roller Coaster,0
Roller Skating,0
Romania Flag,0
Romantic,0
Roof,0
Roof Damage,0
Roof Rack,0
Room,0
Rooster,0
Root,0
Rope,0
Rope Bridge,0
Rose,0
Rotor,0
Roulette,0
Router,0
Row House,0
Rowboat,0
Rowing,0
Rowing Machine,0
Rubber Eraser,0
Rubble,0
Rubix Cube,0
Rug,0
Rugby,0
Rugby Ball,0
Ruins,0
Running,0
Running Shoe,0
Running Track,0
Runway,0
Rural,0
Russia Flag,0
Rust,0
Rutabaga,1
Rv,0
Sack,0
Sad,0
Saddle,0
Safari,0
Safe,0
Sailboat,0
Sailor Suit,0
Saint Basil's Cathedral,0
Saint Bernard,0
Sake,1
Salad,1
Salad Bar,0
Salamander,0
Salmon,1
Samurai,0
Sand,0
Sandal,0
Sandwich,1
Sandwich Wrap,0
Santa Claus,0
Santorini,0
Sapphire,0
Sardine,0
Sari,0
Sash,0
Satellite,0
Saucepan,0
Saucer,0
Saudi Arabia Flag,0
Sauna,0
Sauteing,0
Savanna,0
Saxophone,0
Scaffolding,0
Scale,0
Scarecrow,0
Scarf,0
Scatter Plot,0
Scenery,0
School,0
School Bus,0
Scientist,0
Scissors,0
Scooter,0
Scoreboard,0
Scorpion,0
Screen,0
Screw,0
Screwdriver,0
Scroll,0
Scuba Diving,0
Sculpture,0
Sea,0
Sea Anemone,0
Sea Life,0
Sea Lion,0
Sea Snake,0
Sea Turtle,0
Sea Waves,0
Seafood,0
Seagull,0
Seahorse,0
Seal,0
Seaplane,0
Seashell,0
Seasoning,0
Seat Belt,0
Seaweed,1
Security,0
Sedan,0
Seed,1
Seesaw,0
Segway,0
Selfie,0
Seminar,0
Senior Citizen,0
Server,0
Sesame,1
Sewer,0
Sewing,0
Sewing Machine,0
Shack,0
Shaker,0
Shallot,1
Shampoo,0
Shanghai World Financial Center,0
Shark,0
Shears,0
Sheep,0
Sheet Music,0
Shelf,0
Shelter,0
Shield,0
Ship,0
Shipping Container,0
Shipwreck,0
Shirt,0
Shoe,0
Shoe Shop,0
Shooting,0
Shooting Range,0
Shop,0
Shopping,0
Shopping Bag,0
Shopping Basket,0
Shopping Cart,0
Shopping Mall,0
Shoreline,0
Shorts,0
Shotgun,0
Shoulder,0
Shouting,0
Shovel,0
Shoving,0
Shower,0
Shower Curtain,0
Shower Faucet,0
Shrimp,0
Shrine,0
Shuffling Cards,0
Shutter,0
Siamese,0
Sideboard,0
Sidecar,0
Sidewalk,0
Siding,0
Sign,0
Signature,0
Silhouette,0
Silk,0
Silver,0
Singapore Flag,0
Singing,0
Sink,0
Sink Faucet,0
Sistine Chapel,0
Sitting,0
Skateboard,0
Skating,0
Skeleton,0
Ski Boot,0
Ski Lift,0
Skiing,0
Skillet,0
Skin,0
Skipping Rope,0
Skirt,0
Skunk,0
Sky,0
Sky Tower - Auckland,0
Skydiving,0
Skylight,0
Skyscraper,0
Slamming,0
Slapping,0
Slate,0
Sled,0
Sleeping,0
Sleeve,0
Sliced,0
Slide,0
Sliding,0
Sliding Door,0
Slingshot,0
Slope,0
Slot,0
Sloth,0
Slow Cooker,0
Slug,0
Slum,0
Small Box Truck,0
Smelling,0
Smile,0
Smog,0
Smoke,0
Smoke Pipe,0
Smoking,0
Smoothie,0
Snack,0
Snail,0
Snake,0
Sneaker,0
Sneezing,0
Sniper,0
Snorkeling,0
Snout,0
Snow,0
Snow Angel,0
Snow Leopard,0
Snowball Fight,0
Snowboarding,0
Snowflake,0
Snowman,0
Snowmobile,0
Snowplow,0
Soaking Ingredients,0
Soap,0
Soccer,0
Soccer Ball,0
Sock,0
Soda,0
Soft Serve Ice Cream,0
Soil,0
Solar Panels,0
Soldier,0
Solo Performance,0
Sombrero,0
Soup,1
Soup Bowl,0
South Africa Flag,0
Soy,1
Spa,0
Space Needle,0
Space Shuttle,0
Space Station,0
Spaceship,0
Spaghetti,1
Spain Flag,0
Spandex,0
Sparrow,0
Spatula,0
Speaker,0
Spear,0
Speech,0
Sphere,0
Spice,1
Spider,0
Spider Web,0
Spinach,1
Spiral,0
Spire,0
Spitting,0
Spoke,0
Sponge,0
Sponge Animal,0
Spoon,0
Sport,0
Sports Car,0
Spotlight,0
Spray Can,0
Spring,0
Spring Break,0
Spring Onion,1
Sprinkler,0
Sprinkles,1
Sprinkling,0
Sprint Race,0
Sprout,0
Spruce,0
Squash,1
Squat,0
Squid,0
Squirrel,0
St. Paul Cathedral,0
St. Peter's Basilica,0
Stadium,0
Stage,0
Stain,0
Stained Glass,0
Stained Wood,0
Staircase,0
Stallion,0
Stand,0
Standing,0
Standing Desk,0
Star Anise,1
Star Symbol,0
Starfish,0
Starry Sky,0
Station Wagon,0
Statue,0
Statue of Liberty,0
Steak,1
Steam Engine,0
Steamer,0
Steel,0
Steering Wheel,0
Stein,0
Stencil,0
Stereo,0
Stethoscope,0
Stew,0
Stick,0
Sticker,0
Still life,0
Stilts,0
Stingray,0
Stirring Food,0
Stitch,0
Stocking,0
Stole,0
Stomach,0
Stone Wall,0
Stonehenge,0
Stopsign,0
Stopwatch,0
Stork,0
Storm,0
Stout,0
Stove,0
Strap,0
Straw,0
Strawberry,1
Stream,0
Street,0
Streetcar,0
Stretch,0
Stretcher,0
Stroller,0
Student,0
Studio,0
Stuffing,0
Sturgeon,0
Submarine,0
Suburb,0
Subway,0
Suede,0
Sugar,1
Suit,0
Suitcase,0
Summer,0
Summer Palace,0
Sumo,0
Sun,0
Sun Hat,0
Sunbathing,0
Sundae,1
Sundial,0
Sunflower,0
Sunglasses,0
Sunlight,0
Sunrise,0
Sunscreen,0
Sunset,0
Super Mario,0
Supermarket,0
Surface Computer,0
Surfboard,0
Surfing,0
Surgeon,0
Surgeonfish,0
Surprised,0
Sushi,1
Suspenders,0
Suspension,0
Suspension Bridge,0
Suv,0
Swallow,0
Swamp,0
Swan,0
Swat Team,0
Sweater,0
Sweating,0
Sweatshirt,0
Sweden Flag,0
Sweet Potato,1
Sweets,1
Swimming,0
Swimming Cap,0
Swimming Pool,0
Swimming Trunks,0
Swimwear,0
Swing,0
Switch,0
Switzerland Flag,0
Sword,0
Swordfight,0
Swordfish,1
Sycamore,0
Sydney Opera House,0
Symbol,0
Syrup,1
Table,0
Table Lamp,0
Tablecloth,0
Tablet Computer,0
Tabletop,0
Tabloid,0
Tachometer,0
Taco,1
Tadpole,0
Tai Chi,0
Taipei 101 - Taiwan,0
Taiwan Flag,0
Taj Mahal,0
Takeoff,0
Taking Cover,0
Tanah Lot,0
Tandem Bicycle,0
Tango,0
Tank,0
Tank Top,0
Tap,0
Tape,0
Tape Player,0
Tapestry,0
Tar,0
Tarantula,0
Tarmac,0
Tart,1
Tartan,0
Tater Tots,1
Tattoo,0
Taxi,0
Tea,1
Teacher,0
Teal,0
Team,0
Team Sport,0
Teapot,1
Technical Drawing,0
Teddy Bear,0
Teen,0
Teeth,0
Telescope,0
Temple,0
Temple of Heaven,0
Temple of Luxor,0
Tender Coconut,1
Tennis,0
Tennis Ball,0
Tennis Racket,0
Tent,0
Tequila,1
Terminal,0
Termite,0
Termite Damage,0
Terrace,0
Terracotta Warriors,0
Terrier,0
Test Tube,0
Text,0
Text Message,0
Texting,0
Texture,0
Thailand Flag,0
The Archaeological Site of Jerash,0
The Basilica of Notre-Dame de Fourvi�re,0
The Cathedral of Santa Maria - Mallorca,0
The Centre Pompidou,0
The Chrysler Building,0
The City of Arts and Sciences - Valencia,0
The Eagle's Nest,0
The Great Sphinx,0
The Louvre,0
The Reichstag,0
The Shard,0
The White House,0
Theater,0
Theme Park,0
Therapy,0
Thermometer,0
Thigh,0
Thistle,0
Thomas Jefferson Memorial,0
Thong,0
Three-Toed Sloth,0
Throat,0
Throne,0
Throwing,0
Thumbs Up,0
Thunderstorm,0
Tiara,0
Tibidabo - Barcelona,0
Tick,0
Ticket,0
Tie,0
Tiger,0
Tights,0
Tile,0
Tile Roof,0
Tin,0
Tiramisu,1
Tire,0
Tissue,0
Toad,0
Toast,1
Toaster,0
Tobacco,0
Toe,0
Toilet,0
Toilet Paper,0
Tokyo Skytree,0
Tokyo Tower,0
Tomato,1
Tomb,0
Tongs,0
Tongue,0
Tool,0
Toolshed,0
Toothbrush,0
Toothpaste,0
Torch,0
Torii,0
Tornado,0
Torpedo,0
Torso,0
Torte,1
Tortellini,1
Tortilla,1
Tortoise,0
Tote Bag,0
Totem,0
Toucan,0
Tour Bus,0
Tourist,0
Tow Truck,0
Towel,0
Tower,0
Tower Bridge,0
Tower of Hercules,0
Tower of Pisa,0
Town Square,0
Towpath,0
Toy,0
Track And Field,0
Tractor,0
Traffic Jam,0
Traffic Light,0
Trail,0
Trailer Truck,0
Train,0
Train Station,0
Trampoline,0
Transportation,0
Trash,0
Trash Can,0
Tray,0
Treadmill,0
Treasure,0
Treasure Flower,0
Tree,0
Tree Frog,0
Tree House,0
Tree Stump,0
Tree Trunk,0
Tree Yoga Pose,0
Trench Coat,0
T-Rex,0
Triangle,0
Triangle Yoga Pose,0
Tribe,0
Tricycle,0
Trident,0
Tripod,0
Triumphant,0
Trombone,0
Troop,0
Trophy,0
Tropical,0
Trout,0
Trowel,0
Truck,0
Trumpet,0
T-Shirt,0
Tsunami,0
Tub,0
Tuba,0
Tubing,0
Tugboat,0
Tulip,0
Tuna,0
Tundra,0
Tunnel,0
Turban,0
Turbine,0
Turkey Bird,0
Turkey Dinner,1
Turkey Flag,0
Turnip,1
Turnstile,0
Turquoise,0
Turret,0
Turtle,0
Tuxedo,0
TV,0
Ultrasound,0
Uluru-Ayers Rock,0
Umbrella,0
UML Diagram,0
Undershirt,0
Underwater,0
Underwear,0
United Arab Emirates Flag,0
United Kingdom Flag,0
Upright Piano,0
Urban,0
Urchin,0
Urn,0
Utility Pole,0
Vacation,0
Vacuum Cleaner,0
Valley,0
Van,0
Vandalism,0
Vase,0
Vault Ceiling,0
Vegetable,1
Vegetation,0
Vehicle,0
Veil,0
Veins,0
Velvet,0
Vending Machine,0
Venn Diagram,0
Vermicelli,1
Verona Arena,0
Vest,0
Veterinarian,0
Viaduct,0
Victoria Memorial,0
Video Camera,0
Video Gaming,0
Vietnam Flag,0
Vigil,0
Villa,0
Village,0
Vine,0
Vineyard,0
Violin,0
Vise,0
Volcano,0
Volleyball,0
Volleyball (Ball),0
Volleyball Game,0
VR Headset,0
Vulture,0
Waffle,1
Wagon,0
Waiter,0
Waiting Room,0
Walk-In Closet,0
Walking,0
Walking Dog,0
Walkway,0
Wall,0
Wall Clock,0
Wallet,0
Walnut,1
Walrus,0
Wand,0
War,0
Wardrobe,0
Warehouse,0
Warplane,0
Warrior Yoga Pose,0
Warthog,0
Washer,0
Washing,0
Washing Hands,0
Washington Monument,0
Wasp,0
Wat Phnom,0
Water,0
Water Bottle,0
Water Gun,0
Water Jug,0
Water Park,0
Water Polo,0
Water Skiing,0
Water Sports,0
Water Tower,0
Watercraft,0
Waterfall,0
Waterfowl,0
Waterfront,0
Watering Can,0
Watermelon,1
Wax Seal,0
Weapon,0
Weasel,0
Weather,0
Weaving,0
Webcam,0
Webpage,0
Wedding,0
Wedding Cake,0
Wedding Gown,0
Wedding Proposal,0
Wedge,0
Weed,0
Welding,0
Whale,0
Wheat,1
Wheel,0
Wheelbarrow,0
Wheelchair,0
Whip,0
Whipped Cream,1
Whisking,0
Whisky,1
Whistle,0
White,0
White Board,0
White Cliffs of Dover,0
White Dog,0
Wig,0
Wilderness,0
Wildlife,0
Willis Tower,0
Willow,0
Wind Turbine,0
Windmill,0
Window,0
Window - Broken,0
Window Display,0
Window Shade,0
Windowsill,0
Windshield,0
Windsor Castle,0
Wine,1
Wine Bottle,0
Wine Cellar,0
Wine Glass,0
Wine Tour,0
Winter,0
Wire,0
Wiring,0
Wolf,0
Woman,0
Wood,0
Wood Panels,0
Wooden Spoon,0
Woodland,0
Woodpecker,0
Woodworking,0
Wool,0
Worker,0
Working Out,0
Workshop,0
Worm,0
Woven,0
Wreath,0
Wren,0
Wrench,0
Wrestling,0
Wrist,0
Wristwatch,0
Writing,0
X-Ray,0
Xylophone,0
Yacht,0
Yak,0
Yard,0
Yarn,0
Yawning,0
Yellow,0
Yellowstone National Park,0
Yew,0
Yoga,0
Yogurt,1
Zebra,0
Zebra Crossing,0
Ziplining,0
Zipper,0
Zoo,0
Zucchini,1
Zwinger,0